1,31,NULL,Бирюков,Самуил,Алексеевич,Дизайнер,+7 (580) 675-88-35,guy545@yahoo.com,NULL
2,NULL,53,Горбачев,Митофан,Августович,Корректор,+7 (642) 638-45-70,color13170@yandex.ru,NULL
3,39,NULL,Меркушева,Лора,Тимуровна,Переплётчик,+7 (718) 613-41-21,rule18455@yandex.ru,Спасть доставать изба цепочка изба умирать человечек.
4,NULL,93,Моисей,Дмитриевич,Пахомов,Судья,+7 (910) 156-90-27,dinner20869@mail.ru,NULL
5,109,NULL,Белякова,Оксана,Вячеславовна,Культуролог,+7 (707) 615-59-45,modern23181@yahoo.com,NULL
6,NULL,10,Жданова,Анастасия,Тарасовна,Ректор,+7 (674) 561-96-20,similar25483@yahoo.com,NULL
7,2,NULL,Лукия,Афанасьевна,Кириллова,Ювелир,+7 (917) 478-10-59,world26576@gmail.com,NULL
8,NULL,86,Антонина,Федоровна,Муравьева,Кондитер,+7 (213) 429-42-26,amount28070@gmail.com,NULL
9,73,NULL,Буров,Юлиан,Димитриевич,Организатор свадеб,+7 (279) 997-66-45,democratic29041@mail.ru,Прежний место одиннадцать бок вытаскивать.
10,NULL,85,Людмила,Руслановна,Ширяева,Военный консультант,+7 (533) 574-38-70,assume30415@gmail.com,NULL
11,97,NULL,Федот,Эдуардович,Селиверстов,Десантник,+7 (389) 657-35-85,thus30893@yandex.ru,NULL
12,NULL,90,Моисеева,София,Наумовна,Ювелир,+7 (980) 407-75-84,conference31774@yahoo.com,NULL
13,83,NULL,Силина,Марфа,Егоровна,Пластический хирург,+7 (978) 868-57-36,discover33111@yandex.ru,Невозможно табак изменение банк прежде.
14,NULL,41,Данила,Тимурович,Савин,Страховой агент,+7 (263) 303-38-14,city34240@mail.ru,Вытаскивать пересечь господь выраженный потрясти команда спорт заведение.
15,45,NULL,Щукин,Фирс,Ефремович,Логопед,+7 (997) 297-55-83,parent34449@yahoo.com,NULL
16,NULL,91,Амос,Иосифович,Сафонов,Слесарь-механик,+7 (300) 225-98-19,trouble35283@yandex.ru,NULL
17,43,NULL,Кира,Геннадиевна,Антонова,Флорист,+7 (223) 441-63-36,event35818@yandex.ru,NULL
18,NULL,35,Лаврентьев,Ермолай,Иларионовичх,Тестировщик,+7 (463) 954-54-38,purpose36077@gmail.com,NULL
19,93,NULL,Елена,Тимуровна,Хохлова,Кондитер,+7 (632) 936-77-79,manager37324@yahoo.com,NULL
20,NULL,55,тов.,Исаков,Тит,Музыкант,+7 (634) 335-78-72,tax36964@gmail.com,NULL
21,87,NULL,Виноградов,Викентий,Ефремович,Операционист,+7 (448) 107-46-66,ask38186@mail.ru,NULL
22,NULL,68,Носков,Адам,Алексеевич,Технолог,+7 (231) 975-27-24,defense38734@mail.ru,NULL
23,103,NULL,Агата,Наумовна,Блохина,Организатор свадеб,+7 (389) 196-45-74,officer38599@yahoo.com,NULL
24,NULL,100,Гаврила,Эдуардович,Орехов,Агроном-почвовед,+7 (643) 356-11-86,sort39192@mail.ru,NULL
25,32,NULL,Никифоров,Евстигней,Демьянович,Веб-интегратор,+7 (973) 115-67-90,power39977@yandex.ru,Избегать смертельный вперед парень цель каюта.
26,NULL,27,Ипполит,Федосеевич,Чернов,Андролог,+7 (249) 342-71-85,enter40158@mail.ru,NULL
27,114,NULL,Юлия,Борисовна,Антонова,Сценарист,+7 (121) 582-98-82,region40557@gmail.com,NULL
28,NULL,75,Авдей,Иларионовичх,Горшков,Инженер-физик,+7 (956) 442-11-43,example40651@yahoo.com,Выгнать июнь падаль социалистический издали функция виднеться.
29,37,NULL,Конон,Федосеевич,Романов,Флорист,+7 (392) 342-72-46,large40936@gmail.com,NULL
30,NULL,33,Степанов,Наркис,Владиславович,Бортинженер,+7 (328) 925-85-12,environment41854@yandex.ru,NULL
31,48,NULL,Рыбаков,Федот,Арсеньевич,Операционист,+7 (693) 824-82-76,never41712@yahoo.com,NULL
32,NULL,65,Анастасия,Руслановна,Ильина,Релайтер,+7 (874) 101-59-96,still41650@yandex.ru,NULL
33,11,NULL,Светлана,Константиновна,Лукина,Гепатолог,+7 (444) 882-26-34,be42289@mail.ru,NULL
34,NULL,59,Мартын,Жоресович,Шарапов,Культуролог,+7 (689) 844-56-88,some42277@gmail.com,NULL
35,60,NULL,Нина,Филипповна,Фадеева,Агроном по защите растений,+7 (701) 349-93-12,science42832@yahoo.com,Около снимать отражение разводить страсть.
36,NULL,21,Стрелков,Якуб,Борисович,Учёный,+7 (357) 980-88-98,foreign43096@gmail.com,NULL
37,16,NULL,Никанор,Ефстафьевич,Рожков,Эксперт-криминалист,+7 (160) 403-67-86,turn43473@mail.ru,NULL
38,NULL,4,Кошелев,Всеволод,Устинович,Заточник,+7 (517) 784-11-54,party43562@yahoo.com,NULL
39,121,NULL,Глафира,Кузминична,Маслова,Юрисконсульт,+7 (111) 284-14-56,throughout43768@yahoo.com,NULL
40,NULL,7,Силин,Мстислав,Ефстафьевич,Кладовщик,+7 (441) 241-11-35,wear44211@yandex.ru,NULL
41,35,NULL,Олимпиада,Макаровна,Архипова,Инженер-взрывотехник,+7 (833) 375-85-43,enter44194@yahoo.com,NULL
42,NULL,92,Игорь,Харламович,Копылов,Работник органов ЗАГСа,+7 (797) 672-20-36,while44529@gmail.com,NULL
43,136,NULL,Марина,Даниловна,Муравьева,Борт-механик,+7 (413) 562-47-78,hand45195@gmail.com,NULL
44,NULL,98,Фомин,Прокл,Чеславович,Мотострелок,+7 (728) 397-27-32,idea45404@yandex.ru,NULL
45,105,NULL,Фёкла,Феликсовна,Тетерина,Блоггер,+7 (488) 307-17-60,child45937@yahoo.com,Плод сохранять низкий.
46,NULL,37,Мирослав,Филиппович,Вишняков,Брокер,+7 (647) 212-45-38,food45267@mail.ru,NULL
47,76,NULL,Андреев,Агап,Иосифович,Телефонист,+7 (732) 513-96-18,street45543@yandex.ru,NULL
48,NULL,66,Мариан,Валентинович,Овчинников,Швейцар,+7 (939) 464-94-51,seat46072@mail.ru,NULL
49,143,NULL,Потапова,Анжелика,Владимировна,Гепатолог,+7 (862) 391-82-44,send46157@yahoo.com,NULL
50,NULL,50,Гущин,Сила,Борисович,Футуролог,+7 (403) 249-14-14,physical46750@yandex.ru,NULL
51,18,NULL,Ситников,Ярополк,Дорофеевич,Специалист по стрижке овец,+7 (215) 522-88-98,natural46690@yandex.ru,NULL
52,NULL,63,Игнатий,Августович,Тетерин,Модельер,+7 (894) 201-94-81,develop46733@yandex.ru,NULL
53,42,NULL,Ильин,Милий,Ярославович,Манекенщица,+7 (121) 176-41-47,model47170@yahoo.com,NULL
54,NULL,87,Гусева,Виктория,Ниловна,Патологоанатом,+7 (544) 581-62-52,really47494@gmail.com,NULL
55,72,NULL,Орлов,Борислав,Федосеевич,Искусствовед,+7 (721) 521-63-52,all47535@gmail.com,Юный непривычный отметить плод школьный один.
56,NULL,94,Касьян,Афанасьевич,Калинин,Семейный врач,+7 (299) 283-68-64,provide47669@mail.ru,NULL
57,138,NULL,Муравьева,Ольга,Артемовна,Шорник,+7 (961) 904-78-81,across47882@mail.ru,Строительство бетонный блин единый металл плод задержать.
58,NULL,36,Светлана,Даниловна,Яковлева,Авиадиспетчер,+7 (689) 826-63-28,fight48372@gmail.com,NULL
59,81,NULL,Михеев,Максимильян,Анатольевич,Маркетолог,+7 (900) 415-13-76,lay47948@yandex.ru,NULL
60,NULL,1,Екатерина,Александровна,Красильникова,Химик,+7 (181) 325-14-74,market48555@mail.ru,NULL
61,134,NULL,Арсений,Григорьевич,Колесников,Юрист,+7 (806) 235-38-28,fact48773@yandex.ru,NULL
62,NULL,54,Тетерина,Полина,Робертовна,Правовед,+7 (639) 198-95-91,Democrat48588@yahoo.com,NULL
63,139,NULL,Светозар,Евстигнеевич,Евдокимов,Кинодраматург,+7 (732) 418-86-79,professional48681@mail.ru,NULL
64,NULL,76,Еремей,Ефремович,Панов,Вирусолог,+7 (570) 740-69-74,Mrs48562@yahoo.com,Умолять неправда бак пересечь отъезд.
65,71,NULL,Ираида,Антоновна,Рожкова,Дилер,+7 (369) 210-48-44,truth49322@mail.ru,NULL
66,NULL,57,Соловьева,Галина,Альбертовна,Танкист,+7 (174) 716-57-42,western49547@mail.ru,Человечек дыхание тревога конструкция танцевать обида еврейский полностью.
67,96,NULL,Осипов,Эмиль,Гертрудович,Проктолог,+7 (555) 848-12-44,wide49433@mail.ru,NULL
68,NULL,40,Агафонова,Светлана,Тимуровна,Зенитчик,+7 (603) 395-63-32,heavy49994@gmail.com,Прелесть товар космос дремать болото житель пища.
69,53,NULL,Ксения,Святославовна,Мишина,Астрофизик,+7 (579) 926-53-66,available49336@yahoo.com,Наступать скрытый выдержать достоинство левый степь зачем.
70,NULL,14,Алевтина,Станиславовна,Антонова,Сборщик,+7 (376) 875-17-25,conference50303@yandex.ru,NULL
71,68,NULL,Варлаам,Германович,Кондратьев,Маммолог,+7 (659) 675-99-46,real50466@yahoo.com,NULL
72,NULL,78,Бирюков,Матвей,Игнатьевич,Военный полицейский,+7 (931) 287-12-25,almost50185@mail.ru,Непривычный зачем господь солнце.
73,98,NULL,Лев,Якубович,Козлов,Инженер-энергетик,+7 (659) 157-66-20,along50211@gmail.com,NULL
74,NULL,31,Аверьян,Ануфриевич,Доронин,Военный переводчик,+7 (342) 213-52-71,lawyer50847@gmail.com,NULL
75,148,NULL,Терентьева,Любовь,Кузминична,Логопед,+7 (812) 814-33-82,point50438@yandex.ru,NULL
76,NULL,61,Емельянов,Викентий,Исидорович,Инженер-конструктор,+7 (685) 587-85-85,fine51179@gmail.com,NULL
77,117,NULL,Моисеев,Фрол,Владленович,Врач функциональной диагностики,+7 (485) 431-80-18,next50747@gmail.com,NULL
78,NULL,79,Дементьева,Алина,Альбертовна,Блоггер,+7 (269) 198-70-92,prove50740@mail.ru,NULL
79,51,NULL,Мария,Вадимовна,Лазарева,Маркшейдер,+7 (896) 921-60-43,get50817@mail.ru,NULL
80,NULL,74,Демид,Григорьевич,Агафонов,Министр,+7 (340) 552-64-84,less51551@yahoo.com,NULL
81,112,NULL,Зинаида,Вадимовна,Борисова,Фрезеровщик,+7 (971) 536-64-70,life51389@yahoo.com,NULL
82,NULL,6,Зимин,Творимир,Измаилович,Парикмахер,+7 (625) 721-25-89,stay51955@gmail.com,NULL
83,86,NULL,Стрелкова,Валентина,Ивановна,Дипломат,+7 (782) 677-61-11,create51516@mail.ru,NULL
84,NULL,51,Антонина,Степановна,Кондратьева,Оператор вооружения,+7 (465) 961-98-28,blood51783@mail.ru,NULL
85,89,NULL,Эрнест,Артёмович,Потапов,Кинооператор,+7 (886) 650-39-80,black51848@yahoo.com,Кожа командир грудь другой самостоятельно исследование перебивать.
86,NULL,82,тов.,Панфилов,Адриан,Механик-Водитель,+7 (569) 699-23-88,onto52413@yahoo.com,NULL
87,84,NULL,Эраст,Игоревич,Данилов,Лекальщик,+7 (709) 114-54-86,public52473@mail.ru,NULL
88,NULL,83,Колесникова,Иванна,Вячеславовна,Косметолог,+7 (977) 564-45-94,cause52111@gmail.com,NULL
89,106,NULL,Григорий,Германович,Горшков,Микробиолог,+7 (591) 466-64-89,relationship52514@gmail.com,NULL
90,NULL,30,Захарова,Елизавета,Николаевна,Канонир,+7 (372) 391-56-11,billion51955@gmail.com,NULL
91,46,NULL,Арсений,Харлампович,Зиновьев,Воздухоплаватель,+7 (905) 474-65-80,education52245@mail.ru,NULL
92,NULL,71,Воробьева,Фаина,Эдуардовна,Дипломат,+7 (931) 340-90-77,dog52880@gmail.com,NULL
93,104,NULL,Жанна,Евгеньевна,Селезнева,Редактор,+7 (328) 750-46-46,center52799@mail.ru,NULL
94,NULL,58,Кабанов,Юлиан,Артёмович,Топограф,+7 (233) 886-88-16,mother53279@gmail.com,NULL
