1,19,NULL,Вероника,Афанасьевна,Филиппова,Борт-радист,+7 (686) 956-26-31,environment419@gmail.com,NULL
2,NULL,54,Велимир,Фадеевич,Медведев,Проходчик,+7 (199) 927-15-69,could13580@gmail.com,NULL
3,3,NULL,г-н,Фокин,Олимпий,Каптенармус,+7 (168) 384-10-90,possible17871@yandex.ru,NULL
4,NULL,94,Андреева,Лидия,Матвеевна,Мерчандайзер,+7 (742) 740-82-24,give21305@gmail.com,NULL
5,62,NULL,Анисимова,Алла,Яковлевна,Артист цирка,+7 (945) 178-49-77,civil23127@mail.ru,NULL
6,NULL,30,Петр,Владиленович,Терентьев,Аналитик,+7 (643) 264-90-69,information25769@mail.ru,NULL
7,47,NULL,Маргарита,Ефимовна,Шилова,Генетик,+7 (206) 989-64-63,conference26541@yahoo.com,Вариант валюта затянуться.
8,NULL,89,Горбунов,Мечислав,Трофимович,Санитар,+7 (497) 359-79-13,thousand28670@mail.ru,Через полоска анализ около жидкий собеседник палата.
9,125,NULL,Поляков,Эраст,Богданович,Архитектор,+7 (560) 654-97-68,agency29079@yahoo.com,Банк запеть хозяйка дьявол вскинуть.
10,NULL,34,Марина,Борисовна,Савина,Инженер КИПиА,+7 (608) 882-28-99,attorney30453@mail.ru,NULL
11,16,NULL,Ильина,Елизавета,Валентиновна,Биоинженер,+7 (647) 183-80-14,book30962@mail.ru,Пропадать заведение опасность отъезд ученый спорт.
12,NULL,18,Велимир,Аксёнович,Зимин,Механик-Водитель,+7 (890) 355-91-35,product32102@yandex.ru,Светило отъезд второй помимо мимо вздрагивать.
13,68,NULL,Радован,Власович,Зыков,Товаровед,+7 (812) 896-90-82,believe33073@yandex.ru,NULL
14,NULL,50,Герман,Захарьевич,Воробьев,Танатолог,+7 (275) 418-85-83,stand33387@mail.ru,NULL
15,145,NULL,Раиса,Семеновна,Лапина,Штурман,+7 (797) 636-93-28,less34159@yandex.ru,NULL
16,NULL,87,Агата,Эдуардовна,Галкина,Дизайнер,+7 (873) 614-48-59,participant35629@yahoo.com,NULL
17,141,NULL,Доронина,Маргарита,Артемовна,Каптенармус,+7 (357) 425-29-24,or35669@yandex.ru,Означать картинка художественный.
18,NULL,20,Платон,Абрамович,Волков,Дипломат,+7 (628) 760-51-22,seem35948@yandex.ru,NULL
19,17,NULL,Харитонов,Вячеслав,Харитонович,Мануалист,+7 (632) 776-84-51,arm36655@mail.ru,Смертельный призыв освободить запеть.
20,NULL,93,Сила,Викторович,Быков,Верстальщик,+7 (586) 243-62-62,out37176@yahoo.com,NULL
21,20,NULL,Ершов,Ярослав,Валерьянович,Косметолог,+7 (706) 865-43-99,make37819@yandex.ru,NULL
22,NULL,81,Раиса,Андреевна,Кабанова,Гренадер,+7 (908) 722-46-17,major38451@yandex.ru,NULL
23,103,NULL,Агата,Эдуардовна,Красильникова,Трейдер,+7 (993) 476-53-33,spend38538@mail.ru,NULL
24,NULL,71,Ильина,Любовь,Эльдаровна,Логик,+7 (645) 617-41-22,themselves39112@yahoo.com,NULL
25,111,NULL,Лучезар,Жоресович,Романов,Парикмахер,+7 (391) 460-62-32,before39662@mail.ru,Появление монета свежий.
26,NULL,90,Вера,Аркадьевна,Пестова,Терапевт,+7 (565) 692-92-82,book40335@gmail.com,NULL
27,90,NULL,Ираида,Макаровна,Носова,Правовед,+7 (530) 165-63-49,activity40318@mail.ru,NULL
28,NULL,59,Сергеев,Дорофей,Елизарович,Монтажник радиоэлектронной аппаратуры и приборов,+7 (265) 343-38-59,marriage40741@gmail.com,NULL
29,85,NULL,Гришина,Елизавета,Станиславовна,Инженер-системотехник,+7 (627) 683-19-22,after41334@yahoo.com,NULL
30,NULL,79,Герман,Викторович,Самсонов,Фотограф,+7 (425) 105-43-85,back41283@yahoo.com,Плод слать мучительно бровь вскинуть посидеть возмутиться.
31,144,NULL,Петухов,Святослав,Владиленович,Сексолог,+7 (289) 474-84-57,air41445@yahoo.com,NULL
32,NULL,98,Савельева,Мария,Афанасьевна,Иллюстратор,+7 (538) 376-69-19,what41715@yahoo.com,NULL
33,61,NULL,Гремислав,Терентьевич,Овчинников,Правовед,+7 (152) 442-52-47,stage42624@yandex.ru,NULL
34,NULL,75,Октябрина,Руслановна,Сорокина,Огнемётчик,+7 (588) 556-65-56,look42385@mail.ru,NULL
35,67,NULL,Лонгин,Герасимович,Доронин,Финансист,+7 (382) 182-25-98,high42511@yahoo.com,NULL
36,NULL,64,Авксентий,Изотович,Матвеев,Серпентолог,+7 (742) 991-62-58,hard43482@yahoo.com,NULL
37,105,NULL,Ксения,Антоновна,Якушева,Торакальный хирург,+7 (489) 168-32-24,themselves43581@mail.ru,NULL
38,NULL,52,Николай,Даниилович,Панов,Токарь-карусельщик,+7 (413) 107-15-50,protect43533@gmail.com,NULL
39,79,NULL,Милица,Тимофеевна,Евдокимова,Страховой агент,+7 (727) 995-85-35,hospital44111@yahoo.com,NULL
40,NULL,1,Фома,Ефимович,Пестов,Флеболог,+7 (780) 226-96-54,policy44757@yandex.ru,NULL
41,46,NULL,Комарова,Евдокия,Макаровна,Экспедитор на дальних поездках,+7 (792) 484-68-15,attack44205@gmail.com,Наслаждение пища сустав серьезный очутиться холодно уничтожение.
42,NULL,68,Елизавета,Никифоровна,Антонова,Портной,+7 (878) 578-88-80,man44822@gmail.com,NULL
43,43,NULL,Всеволод,Васильевич,Цветков,Няня,+7 (857) 971-17-93,realize44649@yandex.ru,NULL
44,NULL,88,Мирон,Арсеньевич,Коновалов,Парикмахер,+7 (330) 856-47-88,population45716@yahoo.com,Освободить нервно конференция стакан демократия предоставить низкий угроза.
45,75,NULL,Потапов,Милен,Демьянович,Сомелье,+7 (629) 153-51-98,drug45369@yandex.ru,Интеллектуальный парень увеличиваться вряд факультет крыса грудь.
46,NULL,86,Антонин,Денисович,Игнатьев,Телемастер,+7 (863) 306-96-59,board45685@yahoo.com,NULL
47,93,NULL,Веселов,Радован,Ефимович,Военный переводчик,+7 (771) 921-79-44,beautiful45912@yahoo.com,NULL
48,NULL,58,Никифор,Федотович,Сазонов,Рентгенолог,+7 (249) 828-72-60,account45819@yahoo.com,NULL
49,41,NULL,Панфилов,Евгений,Викентьевич,Кондитер,+7 (868) 813-48-71,while46823@gmail.com,NULL
50,NULL,65,Евпраксия,Павловна,Цветкова,Дознаватель,+7 (425) 548-96-98,resource46637@yahoo.com,Одиннадцать монета стакан материя кольцо.
51,136,NULL,Наркис,Гаврилович,Козлов,Инженер-лаборант,+7 (290) 264-16-18,official46966@mail.ru,NULL
52,NULL,24,Якушев,Азарий,Викентьевич,Корректор,+7 (542) 771-53-49,game47383@gmail.com,NULL
53,64,NULL,Викентий,Витальевич,Игнатов,Организатор свадеб,+7 (645) 241-87-87,street47543@mail.ru,Монета термин сустав ребятишки падать да ребятишки.
54,NULL,39,тов.,Иванов,Самуил,Гранатомётчик,+7 (519) 391-33-64,picture47092@mail.ru,NULL
55,131,NULL,Белова,Екатерина,Георгиевна,Крановщик,+7 (769) 946-63-44,show47372@mail.ru,NULL
56,NULL,74,Евгения,Филипповна,Фадеева,Банкир,+7 (425) 621-61-92,join48120@yahoo.com,Пространство смертельный тута термин некоторый армейский место.
57,31,NULL,Сысоева,Таисия,Алексеевна,Корректор,+7 (554) 944-90-18,current48361@gmail.com,Налево песенка возникновение равнодушный табак.
58,NULL,62,Екатерина,Богдановна,Козлова,Ихтиолог,+7 (740) 375-65-78,if48303@yahoo.com,Остановить бок вряд плод.
59,26,NULL,Горбачева,Клавдия,Рудольфовна,Техник,+7 (407) 191-27-20,big48358@gmail.com,Носок дыхание заплакать постоянный через рота запустить.
60,NULL,2,Никифорова,Евдокия,Рубеновна,Рихтовщик,+7 (601) 818-82-58,box48607@yahoo.com,Ответить полностью через блин.
61,52,NULL,Прасковья,Максимовна,Назарова,Океанолог,+7 (270) 602-86-95,recent48915@gmail.com,Спалить ночь возмутиться ведь сынок полюбить боец потрясти.
62,NULL,7,Мамонтова,Любовь,Аскольдовна,Кондуктор,+7 (602) 989-65-35,hundred49122@yandex.ru,NULL
63,56,NULL,Анжелика,Тимофеевна,Петрова,Коневод,+7 (813) 322-19-20,student49064@yandex.ru,NULL
64,NULL,33,Рыбаков,Адам,Феоктистович,Спортивный врач,+7 (463) 753-62-19,model48668@mail.ru,NULL
65,124,NULL,Акулина,Николаевна,Орехова,Миколог,+7 (765) 428-48-15,option49483@mail.ru,Равнодушный висеть ручей тусклый рабочий сопровождаться изба ремень.
66,NULL,56,Ширяев,Лев,Владиславович,Златокузнец,+7 (159) 284-66-95,friend49273@mail.ru,NULL
67,30,NULL,Кононов,Мартын,Филиппович,Швея,+7 (138) 367-27-40,result49042@gmail.com,NULL
68,NULL,8,Колесникова,Анна,Яковлевна,Проходчик,+7 (271) 387-19-99,real49998@mail.ru,NULL
69,28,NULL,Степанова,Лидия,Оскаровна,Стилист,+7 (520) 409-13-59,success50207@gmail.com,Помолчать разуметься второй похороны лететь.
70,NULL,3,Сафонова,Агата,Матвеевна,Безработный,+7 (720) 278-46-50,person50176@gmail.com,NULL
71,23,NULL,Наталья,Наумовна,Сорокина,Мастер маникюра,+7 (451) 331-49-89,goal49960@yandex.ru,Направо собеседник заработать зато роса вскинуть.
72,NULL,4,Евфросиния,Леонидовна,Блинова,Подводник,+7 (565) 913-13-66,condition50641@yahoo.com,NULL
73,128,NULL,Аполлон,Юлианович,Суханов,Администратор базы данных,+7 (257) 925-12-73,data50640@gmail.com,NULL
74,NULL,35,Зинаида,Евгеньевна,Федосеева,Горняк,+7 (415) 230-80-65,quickly50549@mail.ru,NULL
75,59,NULL,Горбачева,Любовь,Михайловна,Слесарь-механик,+7 (481) 825-34-66,east50320@yandex.ru,Степь кидать провинция миг монета трясти.
76,NULL,31,Сидоров,Игорь,Еремеевич,Танатолог,+7 (923) 712-51-38,number50809@mail.ru,NULL
77,80,NULL,Петров,Азарий,Викентьевич,Монтажник радиоэлектронной аппаратуры и приборов,+7 (512) 725-10-54,give50388@yahoo.com,Банк лапа блин терапия какой.
78,NULL,69,Карп,Исидорович,Семенов,Декан,+7 (975) 908-53-26,poor50949@gmail.com,NULL
79,34,NULL,Макар,Авдеевич,Евдокимов,Полицейский,+7 (435) 468-72-51,physical51593@gmail.com,Умирать вообще жестокий командование бригада непривычный командующий.
80,NULL,99,Модест,Фролович,Васильев,Судебный пристав,+7 (600) 331-67-53,home51472@yahoo.com,NULL
81,6,NULL,Кошелев,Борислав,Абрамович,Оператор кино и телевидения,+7 (995) 613-49-12,special50986@mail.ru,NULL
82,NULL,73,Леонид,Ефимович,Константинов,Териолог,+7 (688) 440-45-40,bed51854@yandex.ru,NULL
83,94,NULL,Пантелеймон,Ефимович,Котов,Дизайнер,+7 (941) 293-27-33,produce52034@gmail.com,NULL
84,NULL,76,Кудряшова,Елена,Эльдаровна,Дизайнер рекламы,+7 (191) 575-89-52,prove51647@yahoo.com,NULL
85,25,NULL,Калашников,Виталий,Аксёнович,Артист цирка,+7 (635) 507-77-23,beyond51483@yandex.ru,NULL
86,NULL,43,Баранова,Лидия,Максимовна,Механик-Водитель,+7 (639) 162-88-85,suggest52252@mail.ru,Бок торопливый миг пасть зачем.
87,77,NULL,Симонов,Дмитрий,Викторович,Врач функциональной диагностики,+7 (273) 239-45-34,eye52392@yandex.ru,NULL
88,NULL,23,Молчанова,Мария,Ждановна,Банкир,+7 (921) 257-72-24,positive51796@gmail.com,NULL
89,135,NULL,Калашникова,Ирина,Ждановна,Электрик,+7 (629) 112-56-43,close52393@yahoo.com,Банда школьный сверкать.
90,NULL,49,Всеволод,Архипович,Дорофеев,Секретчик,+7 (674) 898-73-58,win52459@mail.ru,Слишком танцевать трясти счастье прощение жить.
91,91,NULL,Фаина,Филипповна,Белякова,Инкассатор,+7 (618) 439-17-46,stage53007@yandex.ru,Функция что горький холодно.
92,NULL,61,Сазонов,Назар,Евсеевич,Маклер биржевой,+7 (112) 669-97-23,the52246@gmail.com,Плод скрытый выгнать назначить способ привлекать витрина забирать.
93,58,NULL,Щербаков,Викторин,Владиславович,Военно-полевой хирург,+7 (441) 667-77-29,say52529@yandex.ru,Упор что горький картинка факультет.
94,NULL,70,Егорова,Октябрина,Юрьевна,Связист,+7 (932) 684-77-58,approach52608@gmail.com,Рота чем проход налево.
